<metadata xml:lang="pl"><Esri><CreaDate>20251103</CreaDate><CreaTime>19462200</CreaTime><ArcGISFormat>1.0</ArcGISFormat><SyncOnce>FALSE</SyncOnce><DataProperties><lineage><Process ToolSource="c:\program files\arcgis\pro\Resources\ArcToolbox\Toolboxes\Data Management Tools.tbx\UpdateSchema" Date="20251103" Time="194622">UpdateSchema "CIMDATA=&lt;CIMStandardDataConnection xsi:type='typens:CIMStandardDataConnection' xmlns:xsi='http://www.w3.org/2001/XMLSchema-instance' xmlns:xs='http://www.w3.org/2001/XMLSchema' xmlns:typens='http://www.esri.com/schemas/ArcGIS/3.5.0'&gt;&lt;WorkspaceFactory&gt;Shapefile&lt;/WorkspaceFactory&gt;&lt;Dataset&gt;Drogi_Bydgoszcz.shp&lt;/Dataset&gt;&lt;DatasetType&gt;esriDTFeatureClass&lt;/DatasetType&gt;&lt;/CIMStandardDataConnection&gt;" &lt;operationSequence&gt;&lt;workflow&gt;&lt;AddField&gt;&lt;field_name&gt;PREDKOSC&lt;/field_name&gt;&lt;field_type&gt;LONG&lt;/field_type&gt;&lt;field_is_nullable&gt;False&lt;/field_is_nullable&gt;&lt;field_is_required&gt;False&lt;/field_is_required&gt;&lt;/AddField&gt;&lt;/workflow&gt;&lt;/operationSequence&gt;</Process><Process ToolSource="c:\program files\arcgis\pro\Resources\ArcToolbox\Toolboxes\Data Management Tools.tbx\UpdateSchema" Date="20251103" Time="194645">UpdateSchema "CIMDATA=&lt;CIMStandardDataConnection xsi:type='typens:CIMStandardDataConnection' xmlns:xsi='http://www.w3.org/2001/XMLSchema-instance' xmlns:xs='http://www.w3.org/2001/XMLSchema' xmlns:typens='http://www.esri.com/schemas/ArcGIS/3.5.0'&gt;&lt;WorkspaceFactory&gt;Shapefile&lt;/WorkspaceFactory&gt;&lt;Dataset&gt;Drogi_Bydgoszcz.shp&lt;/Dataset&gt;&lt;DatasetType&gt;esriDTFeatureClass&lt;/DatasetType&gt;&lt;/CIMStandardDataConnection&gt;" &lt;operationSequence&gt;&lt;workflow&gt;&lt;AddField&gt;&lt;field_name&gt;PREDKOSC&lt;/field_name&gt;&lt;field_type&gt;LONG&lt;/field_type&gt;&lt;field_is_nullable&gt;False&lt;/field_is_nullable&gt;&lt;field_is_required&gt;False&lt;/field_is_required&gt;&lt;/AddField&gt;&lt;/workflow&gt;&lt;/operationSequence&gt;</Process><Process ToolSource="c:\program files\arcgis\pro\Resources\ArcToolbox\Toolboxes\Data Management Tools.tbx\UpdateSchema" Date="20251103" Time="194820">UpdateSchema "CIMDATA=&lt;CIMStandardDataConnection xsi:type='typens:CIMStandardDataConnection' xmlns:xsi='http://www.w3.org/2001/XMLSchema-instance' xmlns:xs='http://www.w3.org/2001/XMLSchema' xmlns:typens='http://www.esri.com/schemas/ArcGIS/3.5.0'&gt;&lt;WorkspaceFactory&gt;Shapefile&lt;/WorkspaceFactory&gt;&lt;Dataset&gt;Drogi_Bydgoszcz.shp&lt;/Dataset&gt;&lt;DatasetType&gt;esriDTFeatureClass&lt;/DatasetType&gt;&lt;/CIMStandardDataConnection&gt;" &lt;operationSequence&gt;&lt;workflow&gt;&lt;AddField&gt;&lt;field_name&gt;PREDKOSC&lt;/field_name&gt;&lt;field_type&gt;LONG&lt;/field_type&gt;&lt;field_is_nullable&gt;False&lt;/field_is_nullable&gt;&lt;field_is_required&gt;False&lt;/field_is_required&gt;&lt;/AddField&gt;&lt;/workflow&gt;&lt;/operationSequence&gt;</Process><Process ToolSource="c:\program files\arcgis\pro\Resources\ArcToolbox\Toolboxes\Data Management Tools.tbx\UpdateSchema" Date="20251103" Time="194919">UpdateSchema "CIMDATA=&lt;CIMStandardDataConnection xsi:type='typens:CIMStandardDataConnection' xmlns:xsi='http://www.w3.org/2001/XMLSchema-instance' xmlns:xs='http://www.w3.org/2001/XMLSchema' xmlns:typens='http://www.esri.com/schemas/ArcGIS/3.5.0'&gt;&lt;WorkspaceFactory&gt;Shapefile&lt;/WorkspaceFactory&gt;&lt;Dataset&gt;Drogi_Bydgoszcz.shp&lt;/Dataset&gt;&lt;DatasetType&gt;esriDTFeatureClass&lt;/DatasetType&gt;&lt;/CIMStandardDataConnection&gt;" &lt;operationSequence&gt;&lt;workflow&gt;&lt;AddField&gt;&lt;field_name&gt;PREDKOSC&lt;/field_name&gt;&lt;field_type&gt;LONG&lt;/field_type&gt;&lt;field_is_nullable&gt;False&lt;/field_is_nullable&gt;&lt;field_is_required&gt;False&lt;/field_is_required&gt;&lt;/AddField&gt;&lt;/workflow&gt;&lt;/operationSequence&gt;</Process><Process ToolSource="c:\program files\arcgis\pro\Resources\ArcToolbox\Toolboxes\Data Management Tools.tbx\UpdateSchema" Date="20251103" Time="194946">UpdateSchema "CIMDATA=&lt;CIMStandardDataConnection xsi:type='typens:CIMStandardDataConnection' xmlns:xsi='http://www.w3.org/2001/XMLSchema-instance' xmlns:xs='http://www.w3.org/2001/XMLSchema' xmlns:typens='http://www.esri.com/schemas/ArcGIS/3.5.0'&gt;&lt;WorkspaceFactory&gt;Shapefile&lt;/WorkspaceFactory&gt;&lt;Dataset&gt;Drogi_Bydgoszcz.shp&lt;/Dataset&gt;&lt;DatasetType&gt;esriDTFeatureClass&lt;/DatasetType&gt;&lt;/CIMStandardDataConnection&gt;" &lt;operationSequence&gt;&lt;workflow&gt;&lt;AddField&gt;&lt;field_name&gt;PREDKOSC&lt;/field_name&gt;&lt;field_type&gt;LONG&lt;/field_type&gt;&lt;field_is_nullable&gt;False&lt;/field_is_nullable&gt;&lt;field_is_required&gt;False&lt;/field_is_required&gt;&lt;/AddField&gt;&lt;/workflow&gt;&lt;/operationSequence&gt;</Process><Process ToolSource="c:\program files\arcgis\pro\Resources\ArcToolbox\Toolboxes\Data Management Tools.tbx\UpdateSchema" Date="20251103" Time="194959">UpdateSchema "CIMDATA=&lt;CIMStandardDataConnection xsi:type='typens:CIMStandardDataConnection' xmlns:xsi='http://www.w3.org/2001/XMLSchema-instance' xmlns:xs='http://www.w3.org/2001/XMLSchema' xmlns:typens='http://www.esri.com/schemas/ArcGIS/3.5.0'&gt;&lt;WorkspaceFactory&gt;Shapefile&lt;/WorkspaceFactory&gt;&lt;Dataset&gt;Drogi_Bydgoszcz.shp&lt;/Dataset&gt;&lt;DatasetType&gt;esriDTFeatureClass&lt;/DatasetType&gt;&lt;/CIMStandardDataConnection&gt;" &lt;operationSequence&gt;&lt;workflow&gt;&lt;AddField&gt;&lt;field_name&gt;PREDKOSC&lt;/field_name&gt;&lt;field_type&gt;LONG&lt;/field_type&gt;&lt;field_is_nullable&gt;False&lt;/field_is_nullable&gt;&lt;field_is_required&gt;False&lt;/field_is_required&gt;&lt;/AddField&gt;&lt;/workflow&gt;&lt;/operationSequence&gt;</Process><Process ToolSource="c:\program files\arcgis\pro\Resources\ArcToolbox\Toolboxes\Data Management Tools.tbx\UpdateSchema" Date="20251103" Time="195053">UpdateSchema "CIMDATA=&lt;CIMStandardDataConnection xsi:type='typens:CIMStandardDataConnection' xmlns:xsi='http://www.w3.org/2001/XMLSchema-instance' xmlns:xs='http://www.w3.org/2001/XMLSchema' xmlns:typens='http://www.esri.com/schemas/ArcGIS/3.5.0'&gt;&lt;WorkspaceFactory&gt;Shapefile&lt;/WorkspaceFactory&gt;&lt;Dataset&gt;Drogi_Bydgoszcz.shp&lt;/Dataset&gt;&lt;DatasetType&gt;esriDTFeatureClass&lt;/DatasetType&gt;&lt;/CIMStandardDataConnection&gt;" &lt;operationSequence&gt;&lt;workflow&gt;&lt;AddField&gt;&lt;field_name&gt;PREDKOSC&lt;/field_name&gt;&lt;field_type&gt;LONG&lt;/field_type&gt;&lt;field_is_nullable&gt;False&lt;/field_is_nullable&gt;&lt;field_is_required&gt;False&lt;/field_is_required&gt;&lt;/AddField&gt;&lt;/workflow&gt;&lt;/operationSequence&gt;</Process><Process ToolSource="c:\program files\arcgis\pro\Resources\ArcToolbox\toolboxes\Data Management Tools.tbx\UpdateSchema" Date="20251103" Time="195253">UpdateSchema "CIMDATA=&lt;CIMStandardDataConnection xsi:type='typens:CIMStandardDataConnection' xmlns:xsi='http://www.w3.org/2001/XMLSchema-instance' xmlns:xs='http://www.w3.org/2001/XMLSchema' xmlns:typens='http://www.esri.com/schemas/ArcGIS/3.5.0'&gt;&lt;WorkspaceFactory&gt;Shapefile&lt;/WorkspaceFactory&gt;&lt;Dataset&gt;Drogi_Bydgoszcz.shp&lt;/Dataset&gt;&lt;DatasetType&gt;esriDTFeatureClass&lt;/DatasetType&gt;&lt;/CIMStandardDataConnection&gt;" &lt;operationSequence&gt;&lt;workflow&gt;&lt;AddField&gt;&lt;field_name&gt;PREDKOSC&lt;/field_name&gt;&lt;field_type&gt;LONG&lt;/field_type&gt;&lt;field_is_nullable&gt;False&lt;/field_is_nullable&gt;&lt;field_is_required&gt;False&lt;/field_is_required&gt;&lt;/AddField&gt;&lt;/workflow&gt;&lt;/operationSequence&gt;</Process><Process ToolSource="c:\program files\arcgis\pro\Resources\ArcToolbox\toolboxes\Conversion Tools.tbx\ExportFeatures" Date="20251103" Time="195331">ExportFeatures Drogi_Bydgoszcz "C:\GI sem 5\predkosciBydgoszcz\predkosciBydgoszcz.gdb\Drogi_Bydgoszcz_ExportFeatures" # NOT_USE_ALIAS "TERYT "TERYT" true true false 4 Text 0 0,First,#,Drogi_Bydgoszcz,TERYT,0,3;LOKALNYID "LOKALNYID" true true false 254 Text 0 0,First,#,Drogi_Bydgoszcz,LOKALNYID,0,253;PRZES_NAZW "PRZES_NAZW" true true false 254 Text 0 0,First,#,Drogi_Bydgoszcz,PRZES_NAZW,0,253;WERSJA "WERSJA" true true false 21 Text 0 0,First,#,Drogi_Bydgoszcz,WERSJA,0,20;POCZ_WERSJ "POCZ_WERSJ" true true false 21 Text 0 0,First,#,Drogi_Bydgoszcz,POCZ_WERSJ,0,20;OZNA_ZMIAN "OZNA_ZMIAN" true true false 254 Text 0 0,First,#,Drogi_Bydgoszcz,OZNA_ZMIAN,0,253;ZRO_DANYCH "ZRO_DANYCH" true true false 254 Text 0 0,First,#,Drogi_Bydgoszcz,ZRO_DANYCH,0,253;KAT_ISTNIE "KAT_ISTNIE" true true false 254 Text 0 0,First,#,Drogi_Bydgoszcz,KAT_ISTNIE,0,253;UWAGI "UWAGI" true true false 254 Text 0 0,First,#,Drogi_Bydgoszcz,UWAGI,0,253;INFO_DODAT "INFO_DODAT" true true false 254 Text 0 0,First,#,Drogi_Bydgoszcz,INFO_DODAT,0,253;KOD10K "KOD10K" true true false 254 Text 0 0,First,#,Drogi_Bydgoszcz,KOD10K,0,253;SKROT_KART "SKROT_KART" true true false 254 Text 0 0,First,#,Drogi_Bydgoszcz,SKROT_KART,0,253;KAT_ZARZAD "KAT_ZARZAD" true true false 254 Text 0 0,First,#,Drogi_Bydgoszcz,KAT_ZARZAD,0,253;KLASA_DROG "KLASA_DROG" true true false 254 Text 0 0,First,#,Drogi_Bydgoszcz,KLASA_DROG,0,253;MATE_NAWIE "MATE_NAWIE" true true false 254 Text 0 0,First,#,Drogi_Bydgoszcz,MATE_NAWIE,0,253;NAZWA_DROG "NAZWA_DROG" true true false 254 Text 0 0,First,#,Drogi_Bydgoszcz,NAZWA_DROG,0,253;LICZ_JEZDN "LICZ_JEZDN" true true false 22 Double 0 22,First,#,Drogi_Bydgoszcz,LICZ_JEZDN,-1,-1;POLOZENIE "POLOZENIE" true true false 254 Text 0 0,First,#,Drogi_Bydgoszcz,POLOZENIE,0,253;SZER_NAWIE "SZER_NAWIE" true true false 31 Double 15 30,First,#,Drogi_Bydgoszcz,SZER_NAWIE,-1,-1;NUMER_DROG "NUMER_DROG" true true false 254 Text 0 0,First,#,Drogi_Bydgoszcz,NUMER_DROG,0,253;KIERUNEK "KIERUNEK" true true false 10 Long 0 10,First,#,Drogi_Bydgoszcz,KIERUNEK,-1,-1" #</Process><Process ToolSource="c:\program files\arcgis\pro\Resources\ArcToolbox\toolboxes\Data Management Tools.tbx\UpdateSchema" Date="20251103" Time="195403">UpdateSchema "CIMDATA=&lt;CIMStandardDataConnection xsi:type='typens:CIMStandardDataConnection' xmlns:xsi='http://www.w3.org/2001/XMLSchema-instance' xmlns:xs='http://www.w3.org/2001/XMLSchema' xmlns:typens='http://www.esri.com/schemas/ArcGIS/3.5.0'&gt;&lt;WorkspaceFactory&gt;FileGDB&lt;/WorkspaceFactory&gt;&lt;Dataset&gt;Drogi_Bydgoszcz_ExportFeatures&lt;/Dataset&gt;&lt;DatasetType&gt;esriDTFeatureClass&lt;/DatasetType&gt;&lt;/CIMStandardDataConnection&gt;" &lt;operationSequence&gt;&lt;workflow&gt;&lt;AddField&gt;&lt;field_name&gt;PREDKOSC&lt;/field_name&gt;&lt;field_type&gt;LONG&lt;/field_type&gt;&lt;field_is_nullable&gt;True&lt;/field_is_nullable&gt;&lt;field_is_required&gt;False&lt;/field_is_required&gt;&lt;/AddField&gt;&lt;/workflow&gt;&lt;/operationSequence&gt;</Process><Process ToolSource="c:\program files\arcgis\pro\Resources\ArcToolbox\toolboxes\Data Management Tools.tbx\CalculateField" Date="20251103" Time="195848">CalculateField Drogi_Bydgoszcz_ExportFeatures PREDKOSC predkosc(!KLASA_DROG!)
 PYTHON3 "def predkosc(klasa):
    if klasa == "droga wewnętrzna":
        return 30
    elif klasa == "droga dojazdowa":
        return 40
    elif klasa == "droga lokalna":
        return 50
    elif klasa == "droga zbiorcza":
        return 60
    elif klasa == "droga główna":
        return 70
    elif klasa == "droga główna ruchu przyspieszonego":
        return 90
    elif klasa == "droga ekspresowa":
        return 100
    elif klasa == "autostrada":
        return 120
    else:
        return 0
" TEXT NO_ENFORCE_DOMAINS</Process><Process ToolSource="c:\program files\arcgis\pro\Resources\ArcToolbox\toolboxes\Data Management Tools.tbx\CalculateField" Date="20251103" Time="200558">CalculateField Drogi_Bydgoszcz_ExportFeatures PREDKOSC predkosc(!KLASA_DROG!)
 PYTHON3 "def predkosc(klasa):
    if klasa == "droga wewnętrzna":
        return 30
    elif klasa == "droga dojazdowa":
        return 40
    elif klasa == "droga lokalna":
        return 50
    elif klasa == "droga zbiorcza":
        return 60
    elif klasa == "droga główna":
        return 70
    elif klasa == "droga główna ruchu przyśpieszonego":
        return 90
    elif klasa == "droga ekspresowa":
        return 100
    elif klasa == "autostrada":
        return 120
    else:
        return 0
" TEXT NO_ENFORCE_DOMAINS</Process><Process ToolSource="c:\program files\arcgis\pro\Resources\ArcToolbox\toolboxes\Conversion Tools.tbx\ExportFeatures" Date="20251103" Time="200653">ExportFeatures Drogi_Bydgoszcz_ExportFeatures "C:\GI sem 5\PAG_GITHUB_REZPOYTORIUM\projekt1-PAG\DANE_\Drogi_Bydgoszcz.shp" # NOT_USE_ALIAS "TERYT "TERYT" true true false 4 Text 0 0,First,#,Drogi_Bydgoszcz_ExportFeatures,TERYT,0,3;LOKALNYID "LOKALNYID" true true false 254 Text 0 0,First,#,Drogi_Bydgoszcz_ExportFeatures,LOKALNYID,0,253;PRZES_NAZW "PRZES_NAZW" true true false 254 Text 0 0,First,#,Drogi_Bydgoszcz_ExportFeatures,PRZES_NAZW,0,253;WERSJA "WERSJA" true true false 21 Text 0 0,First,#,Drogi_Bydgoszcz_ExportFeatures,WERSJA,0,20;POCZ_WERSJ "POCZ_WERSJ" true true false 21 Text 0 0,First,#,Drogi_Bydgoszcz_ExportFeatures,POCZ_WERSJ,0,20;OZNA_ZMIAN "OZNA_ZMIAN" true true false 254 Text 0 0,First,#,Drogi_Bydgoszcz_ExportFeatures,OZNA_ZMIAN,0,253;ZRO_DANYCH "ZRO_DANYCH" true true false 254 Text 0 0,First,#,Drogi_Bydgoszcz_ExportFeatures,ZRO_DANYCH,0,253;KAT_ISTNIE "KAT_ISTNIE" true true false 254 Text 0 0,First,#,Drogi_Bydgoszcz_ExportFeatures,KAT_ISTNIE,0,253;UWAGI "UWAGI" true true false 254 Text 0 0,First,#,Drogi_Bydgoszcz_ExportFeatures,UWAGI,0,253;INFO_DODAT "INFO_DODAT" true true false 254 Text 0 0,First,#,Drogi_Bydgoszcz_ExportFeatures,INFO_DODAT,0,253;KOD10K "KOD10K" true true false 254 Text 0 0,First,#,Drogi_Bydgoszcz_ExportFeatures,KOD10K,0,253;SKROT_KART "SKROT_KART" true true false 254 Text 0 0,First,#,Drogi_Bydgoszcz_ExportFeatures,SKROT_KART,0,253;KAT_ZARZAD "KAT_ZARZAD" true true false 254 Text 0 0,First,#,Drogi_Bydgoszcz_ExportFeatures,KAT_ZARZAD,0,253;KLASA_DROG "KLASA_DROG" true true false 254 Text 0 0,First,#,Drogi_Bydgoszcz_ExportFeatures,KLASA_DROG,0,253;MATE_NAWIE "MATE_NAWIE" true true false 254 Text 0 0,First,#,Drogi_Bydgoszcz_ExportFeatures,MATE_NAWIE,0,253;NAZWA_DROG "NAZWA_DROG" true true false 254 Text 0 0,First,#,Drogi_Bydgoszcz_ExportFeatures,NAZWA_DROG,0,253;LICZ_JEZDN "LICZ_JEZDN" true true false 8 Double 0 0,First,#,Drogi_Bydgoszcz_ExportFeatures,LICZ_JEZDN,-1,-1;POLOZENIE "POLOZENIE" true true false 254 Text 0 0,First,#,Drogi_Bydgoszcz_ExportFeatures,POLOZENIE,0,253;SZER_NAWIE "SZER_NAWIE" true true false 8 Double 0 0,First,#,Drogi_Bydgoszcz_ExportFeatures,SZER_NAWIE,-1,-1;NUMER_DROG "NUMER_DROG" true true false 254 Text 0 0,First,#,Drogi_Bydgoszcz_ExportFeatures,NUMER_DROG,0,253;KIERUNEK "KIERUNEK" true true false 4 Long 0 0,First,#,Drogi_Bydgoszcz_ExportFeatures,KIERUNEK,-1,-1;Shape_Length "Shape_Length" false true true 8 Double 0 0,First,#,Drogi_Bydgoszcz_ExportFeatures,Shape_Length,-1,-1;PREDKOSC "PREDKOSC" true true false 4 Long 0 0,First,#,Drogi_Bydgoszcz_ExportFeatures,PREDKOSC,-1,-1" #</Process></lineage><itemProps><itemName Sync="TRUE">Drogi_Bydgoszcz</itemName><imsContentType Sync="TRUE">002</imsContentType><itemLocation><linkage Sync="TRUE">file://\\JULCIA---HP-BAN\C$\GI sem 5\PAG_GITHUB_REZPOYTORIUM\projekt1-PAG\DANE_\Drogi_Bydgoszcz.shp</linkage><protocol Sync="TRUE">Local Area Network</protocol></itemLocation><itemSize Sync="TRUE">0.000</itemSize></itemProps><coordRef><type Sync="TRUE">Projected</type><geogcsn Sync="TRUE">ETRF2000-PL</geogcsn><csUnits Sync="TRUE">Linear Unit: Meter (1.000000)</csUnits><projcsn Sync="TRUE">ETRF2000-PL_CS92</projcsn><peXml Sync="TRUE">&lt;ProjectedCoordinateSystem xsi:type='typens:ProjectedCoordinateSystem' xmlns:xsi='http://www.w3.org/2001/XMLSchema-instance' xmlns:xs='http://www.w3.org/2001/XMLSchema' xmlns:typens='http://www.esri.com/schemas/ArcGIS/3.5.0'&gt;&lt;WKT&gt;PROJCS[&amp;quot;ETRF2000-PL_CS92&amp;quot;,GEOGCS[&amp;quot;ETRF2000-PL&amp;quot;,DATUM[&amp;quot;ETRF2000_Poland&amp;quot;,SPHEROID[&amp;quot;GRS_1980&amp;quot;,6378137.0,298.257222101]],PRIMEM[&amp;quot;Greenwich&amp;quot;,0.0],UNIT[&amp;quot;Degree&amp;quot;,0.0174532925199433]],PROJECTION[&amp;quot;Transverse_Mercator&amp;quot;],PARAMETER[&amp;quot;False_Easting&amp;quot;,500000.0],PARAMETER[&amp;quot;False_Northing&amp;quot;,-5300000.0],PARAMETER[&amp;quot;Central_Meridian&amp;quot;,19.0],PARAMETER[&amp;quot;Scale_Factor&amp;quot;,0.9993],PARAMETER[&amp;quot;Latitude_Of_Origin&amp;quot;,0.0],UNIT[&amp;quot;Meter&amp;quot;,1.0],AUTHORITY[&amp;quot;EPSG&amp;quot;,2180]]&lt;/WKT&gt;&lt;XOrigin&gt;-5119200&lt;/XOrigin&gt;&lt;YOrigin&gt;-15295100&lt;/YOrigin&gt;&lt;XYScale&gt;450580747.30322808&lt;/XYScale&gt;&lt;ZOrigin&gt;-100000&lt;/ZOrigin&gt;&lt;ZScale&gt;10000&lt;/ZScale&gt;&lt;MOrigin&gt;-100000&lt;/MOrigin&gt;&lt;MScale&gt;10000&lt;/MScale&gt;&lt;XYTolerance&gt;0.001&lt;/XYTolerance&gt;&lt;ZTolerance&gt;0.001&lt;/ZTolerance&gt;&lt;MTolerance&gt;0.001&lt;/MTolerance&gt;&lt;HighPrecision&gt;true&lt;/HighPrecision&gt;&lt;WKID&gt;2180&lt;/WKID&gt;&lt;LatestWKID&gt;2180&lt;/LatestWKID&gt;&lt;/ProjectedCoordinateSystem&gt;</peXml></coordRef></DataProperties><SyncDate>20251103</SyncDate><SyncTime>20065000</SyncTime><ModDate>20251103</ModDate><ModTime>20065000</ModTime></Esri><dataIdInfo><envirDesc Sync="TRUE">Microsoft Windows 10 Version 10.0 (Build 26200) ; Esri ArcGIS 13.5.0.57366</envirDesc><dataLang><languageCode value="pol" Sync="TRUE"></languageCode><countryCode value="POL" Sync="TRUE"></countryCode></dataLang><idCitation><resTitle Sync="TRUE">Drogi_Bydgoszcz</resTitle><presForm><PresFormCd value="005" Sync="TRUE"></PresFormCd></presForm></idCitation><spatRpType><SpatRepTypCd value="001" Sync="TRUE"></SpatRepTypCd></spatRpType></dataIdInfo><mdLang><languageCode value="pol" Sync="TRUE"></languageCode><countryCode value="POL" Sync="TRUE"></countryCode></mdLang><distInfo><distFormat><formatName Sync="TRUE">Shapefile</formatName></distFormat><distTranOps><transSize Sync="TRUE">0.000</transSize></distTranOps></distInfo><mdHrLv><ScopeCd value="005" Sync="TRUE"></ScopeCd></mdHrLv><mdHrLvName Sync="TRUE">dataset</mdHrLvName><refSysInfo><RefSystem><refSysID><identCode code="2180" Sync="TRUE"></identCode><idCodeSpace Sync="TRUE">EPSG</idCodeSpace><idVersion Sync="TRUE">6.7(9.0.0)</idVersion></refSysID></RefSystem></refSysInfo><spatRepInfo><VectSpatRep><geometObjs Name="Drogi_Bydgoszcz"><geoObjTyp><GeoObjTypCd value="002" Sync="TRUE"></GeoObjTypCd></geoObjTyp><geoObjCnt Sync="TRUE">0</geoObjCnt></geometObjs><topLvl><TopoLevCd value="001" Sync="TRUE"></TopoLevCd></topLvl></VectSpatRep></spatRepInfo><spdoinfo><ptvctinf><esriterm Name="Drogi_Bydgoszcz"><efeatyp Sync="TRUE">Simple</efeatyp><efeageom code="3" Sync="TRUE"></efeageom><esritopo Sync="TRUE">FALSE</esritopo><efeacnt Sync="TRUE">0</efeacnt><spindex Sync="TRUE">FALSE</spindex><linrefer Sync="TRUE">FALSE</linrefer></esriterm></ptvctinf></spdoinfo><eainfo><detailed Name="Drogi_Bydgoszcz"><enttyp><enttypl Sync="TRUE">Drogi_Bydgoszcz</enttypl><enttypt Sync="TRUE">Feature Class</enttypt><enttypc Sync="TRUE">0</enttypc></enttyp><attr><attrlabl Sync="TRUE">FID</attrlabl><attalias Sync="TRUE">FID</attalias><attrtype Sync="TRUE">OID</attrtype><attwidth Sync="TRUE">4</attwidth><atprecis Sync="TRUE">0</atprecis><attscale Sync="TRUE">0</attscale><attrdef Sync="TRUE">Internal feature number.</attrdef><attrdefs Sync="TRUE">Esri</attrdefs><attrdomv><udom Sync="TRUE">Sequential unique whole numbers that are automatically generated.</udom></attrdomv></attr><attr><attrlabl Sync="TRUE">Shape</attrlabl><attalias Sync="TRUE">Shape</attalias><attrtype Sync="TRUE">Geometry</attrtype><attwidth Sync="TRUE">0</attwidth><atprecis Sync="TRUE">0</atprecis><attscale Sync="TRUE">0</attscale><attrdef Sync="TRUE">Feature geometry.</attrdef><attrdefs Sync="TRUE">Esri</attrdefs><attrdomv><udom Sync="TRUE">Coordinates defining the features.</udom></attrdomv></attr><attr><attrlabl Sync="TRUE">TERYT</attrlabl><attalias Sync="TRUE">TERYT</attalias><attrtype Sync="TRUE">String</attrtype><attwidth Sync="TRUE">4</attwidth><atprecis Sync="TRUE">0</atprecis><attscale Sync="TRUE">0</attscale></attr><attr><attrlabl Sync="TRUE">LOKALNYID</attrlabl><attalias Sync="TRUE">LOKALNYID</attalias><attrtype Sync="TRUE">String</attrtype><attwidth Sync="TRUE">254</attwidth><atprecis Sync="TRUE">0</atprecis><attscale Sync="TRUE">0</attscale></attr><attr><attrlabl Sync="TRUE">PRZES_NAZW</attrlabl><attalias Sync="TRUE">PRZES_NAZW</attalias><attrtype Sync="TRUE">String</attrtype><attwidth Sync="TRUE">254</attwidth><atprecis Sync="TRUE">0</atprecis><attscale Sync="TRUE">0</attscale></attr><attr><attrlabl Sync="TRUE">WERSJA</attrlabl><attalias Sync="TRUE">WERSJA</attalias><attrtype Sync="TRUE">String</attrtype><attwidth Sync="TRUE">21</attwidth><atprecis Sync="TRUE">0</atprecis><attscale Sync="TRUE">0</attscale></attr><attr><attrlabl Sync="TRUE">POCZ_WERSJ</attrlabl><attalias Sync="TRUE">POCZ_WERSJ</attalias><attrtype Sync="TRUE">String</attrtype><attwidth Sync="TRUE">21</attwidth><atprecis Sync="TRUE">0</atprecis><attscale Sync="TRUE">0</attscale></attr><attr><attrlabl Sync="TRUE">OZNA_ZMIAN</attrlabl><attalias Sync="TRUE">OZNA_ZMIAN</attalias><attrtype Sync="TRUE">String</attrtype><attwidth Sync="TRUE">254</attwidth><atprecis Sync="TRUE">0</atprecis><attscale Sync="TRUE">0</attscale></attr><attr><attrlabl Sync="TRUE">ZRO_DANYCH</attrlabl><attalias Sync="TRUE">ZRO_DANYCH</attalias><attrtype Sync="TRUE">String</attrtype><attwidth Sync="TRUE">254</attwidth><atprecis Sync="TRUE">0</atprecis><attscale Sync="TRUE">0</attscale></attr><attr><attrlabl Sync="TRUE">KAT_ISTNIE</attrlabl><attalias Sync="TRUE">KAT_ISTNIE</attalias><attrtype Sync="TRUE">String</attrtype><attwidth Sync="TRUE">254</attwidth><atprecis Sync="TRUE">0</atprecis><attscale Sync="TRUE">0</attscale></attr><attr><attrlabl Sync="TRUE">UWAGI</attrlabl><attalias Sync="TRUE">UWAGI</attalias><attrtype Sync="TRUE">String</attrtype><attwidth Sync="TRUE">254</attwidth><atprecis Sync="TRUE">0</atprecis><attscale Sync="TRUE">0</attscale></attr><attr><attrlabl Sync="TRUE">INFO_DODAT</attrlabl><attalias Sync="TRUE">INFO_DODAT</attalias><attrtype Sync="TRUE">String</attrtype><attwidth Sync="TRUE">254</attwidth><atprecis Sync="TRUE">0</atprecis><attscale Sync="TRUE">0</attscale></attr><attr><attrlabl Sync="TRUE">KOD10K</attrlabl><attalias Sync="TRUE">KOD10K</attalias><attrtype Sync="TRUE">String</attrtype><attwidth Sync="TRUE">254</attwidth><atprecis Sync="TRUE">0</atprecis><attscale Sync="TRUE">0</attscale></attr><attr><attrlabl Sync="TRUE">SKROT_KART</attrlabl><attalias Sync="TRUE">SKROT_KART</attalias><attrtype Sync="TRUE">String</attrtype><attwidth Sync="TRUE">254</attwidth><atprecis Sync="TRUE">0</atprecis><attscale Sync="TRUE">0</attscale></attr><attr><attrlabl Sync="TRUE">KAT_ZARZAD</attrlabl><attalias Sync="TRUE">KAT_ZARZAD</attalias><attrtype Sync="TRUE">String</attrtype><attwidth Sync="TRUE">254</attwidth><atprecis Sync="TRUE">0</atprecis><attscale Sync="TRUE">0</attscale></attr><attr><attrlabl Sync="TRUE">KLASA_DROG</attrlabl><attalias Sync="TRUE">KLASA_DROG</attalias><attrtype Sync="TRUE">String</attrtype><attwidth Sync="TRUE">254</attwidth><atprecis Sync="TRUE">0</atprecis><attscale Sync="TRUE">0</attscale></attr><attr><attrlabl Sync="TRUE">MATE_NAWIE</attrlabl><attalias Sync="TRUE">MATE_NAWIE</attalias><attrtype Sync="TRUE">String</attrtype><attwidth Sync="TRUE">254</attwidth><atprecis Sync="TRUE">0</atprecis><attscale Sync="TRUE">0</attscale></attr><attr><attrlabl Sync="TRUE">NAZWA_DROG</attrlabl><attalias Sync="TRUE">NAZWA_DROG</attalias><attrtype Sync="TRUE">String</attrtype><attwidth Sync="TRUE">254</attwidth><atprecis Sync="TRUE">0</atprecis><attscale Sync="TRUE">0</attscale></attr><attr><attrlabl Sync="TRUE">LICZ_JEZDN</attrlabl><attalias Sync="TRUE">LICZ_JEZDN</attalias><attrtype Sync="TRUE">Double</attrtype><attwidth Sync="TRUE">19</attwidth><atprecis Sync="TRUE">0</atprecis><attscale Sync="TRUE">0</attscale></attr><attr><attrlabl Sync="TRUE">POLOZENIE</attrlabl><attalias Sync="TRUE">POLOZENIE</attalias><attrtype Sync="TRUE">String</attrtype><attwidth Sync="TRUE">254</attwidth><atprecis Sync="TRUE">0</atprecis><attscale Sync="TRUE">0</attscale></attr><attr><attrlabl Sync="TRUE">SZER_NAWIE</attrlabl><attalias Sync="TRUE">SZER_NAWIE</attalias><attrtype Sync="TRUE">Double</attrtype><attwidth Sync="TRUE">19</attwidth><atprecis Sync="TRUE">0</atprecis><attscale Sync="TRUE">0</attscale></attr><attr><attrlabl Sync="TRUE">NUMER_DROG</attrlabl><attalias Sync="TRUE">NUMER_DROG</attalias><attrtype Sync="TRUE">String</attrtype><attwidth Sync="TRUE">254</attwidth><atprecis Sync="TRUE">0</atprecis><attscale Sync="TRUE">0</attscale></attr><attr><attrlabl Sync="TRUE">KIERUNEK</attrlabl><attalias Sync="TRUE">KIERUNEK</attalias><attrtype Sync="TRUE">Integer</attrtype><attwidth Sync="TRUE">10</attwidth><atprecis Sync="TRUE">10</atprecis><attscale Sync="TRUE">0</attscale></attr><attr><attrlabl Sync="TRUE">Shape_Leng</attrlabl><attalias Sync="TRUE">Shape_Leng</attalias><attrtype Sync="TRUE">Double</attrtype><attwidth Sync="TRUE">19</attwidth><atprecis Sync="TRUE">0</atprecis><attscale Sync="TRUE">0</attscale></attr><attr><attrlabl Sync="TRUE">PREDKOSC</attrlabl><attalias Sync="TRUE">PREDKOSC</attalias><attrtype Sync="TRUE">Integer</attrtype><attwidth Sync="TRUE">10</attwidth><atprecis Sync="TRUE">10</atprecis><attscale Sync="TRUE">0</attscale></attr></detailed></eainfo><mdDateSt Sync="TRUE">20251103</mdDateSt></metadata>
